fips_cd,county_name,pct_pop_urban20
01001,Autauga,59.3231868
01003,Baldwin,62.41354464
01005,Barbour,34.08000634
01007,Bibb,0
01009,Blount,9.510603037
01011,Bullock,0
01013,Butler,30.56532465
01015,Calhoun,63.50598157
01017,Chambers,49.25514782
01019,Cherokee,0
01021,Chilton,14.45550273
01023,Choctaw,0
01025,Clarke,0
01027,Clay,0
01029,Cleburne,0
01031,Coffee,52.46984008
01033,Colbert,59.70433537
01035,Conecuh,0
01037,Coosa,0
01039,Covington,31.18445568
01041,Crenshaw,0
01043,Cullman,24.40079212
01045,Dale,49.54790577
01047,Dallas,55.13753835
01049,DeKalb,11.70260306
01051,Elmore,28.76319947
01053,Escambia,34.71719672
01055,Etowah,56.83031053
01057,Fayette,0
01059,Franklin,30.95008252
01061,Geneva,0.558910687
01063,Greene,0
01065,Hale,0
01067,Henry,0
01069,Houston,65.68347605
01071,Jackson,24.69046578
01073,Jefferson,87.92908476
01075,Lamar,0
01077,Lauderdale,47.83677483
01079,Lawrence *,0.006047229
01081,Lee,73.61011473
01083,Limestone,48.98715844
01085,Lowndes,0
01087,Macon,46.09359001
01089,Madison,82.89772332
01091,Marengo,32.22584485
01093,Marion,0
01095,Marshall,46.34880957
01097,Mobile,77.60366819
01099,Monroe,21.66700384
01101,Montgomery,87.63594434
01103,Morgan,61.56245696
01105,Perry,0
01107,Pickens,0
01109,Pike,43.82441152
01111,Randolph,0
01113,Russell,59.64888566
01115,St. Clair,32.88914745
01117,Shelby,76.03262429
01119,Sumter,0
01121,Talladega,41.32004041
01123,Tallapoosa,21.59231198
01125,Tuscaloosa,68.90977642
01127,Walker,20.31465214
01129,Washington,0
01131,Wilcox,0
01133,Winston,0
02013,Aleutians East,0
02016,Aleutians West,0
02020,Anchorage,95.73077148
02050,Bethel,27.30633237
02060,Bristol Bay,0
02063,Chugach,0
02066,Copper River,0
02068,Denali,0
02070,Dillingham,0
02090,Fairbanks North Star,74.63906748
02100,Haines,0
02105,Hoonah-Angoon,0
02110,Juneau,76.75089133
02122,Kenai Peninsula,22.59902379
02130,Ketchikan Gateway,85.85460281
02150,Kodiak Island,72.74253874
02158,Kusilvak,0
02164,Lake and Peninsula,0
02170,Matanuska-Susitna,49.9098813
02180,Nome,0
02185,North Slope,0
02188,Northwest Arctic,0
02195,Petersburg,0
02198,Prince of Wales-Hyder,0
02220,Sitka,90.65973043
02230,Skagway,0
02240,Southeast Fairbanks,0
02275,Wrangell,0
02282,Yakutat,0
02290,Yukon-Koyukuk,0
04001,Apache,0
04003,Cochise,63.23228136
04005,Coconino,67.59567474
04007,Gila,55.64273915
04009,Graham,47.57221083
04011,Greenlee,0
04012,La Paz,56.58029836
04013,Maricopa,97.69534141
04015,Mohave,76.06755851
04017,Navajo,35.74688194
04019,Pima,91.15803315
04021,Pinal,76.96795402
04023,Santa Cruz,40.21061906
04025,Yavapai,68.01942348
04027,Yuma,84.89952472
05001,Arkansas,47.41967462
05003,Ashley,37.6875459
05005,Baxter,42.71986932
05007,Benton,75.99575146
05009,Boone,37.32641212
05011,Bradley,50.05215742
05013,Calhoun,0
05015,Carroll,17.8945506
05017,Chicot,0
05019,Clark,47.02974914
05021,Clay,0
05023,Cleburne,27.28744284
05025,Cleveland,0
05027,Columbia,45.62519188
05029,Conway,30.60584118
05031,Craighead,66.3313285
05033,Crawford,50.59118953
05035,Crittenden,81.62489878
05037,Cross,44.93554328
05039,Dallas,0
05041,Desha,37.80605529
05043,Drew,45.95965418
05045,Faulkner,53.9433837
05047,Franklin,0
05049,Fulton,0
05051,Garland,66.21581154
05053,Grant,26.22786502
05055,Greene,54.85613084
05057,Hempstead,44.13157239
05059,Hot Spring,26.79176755
05061,Howard,0
05063,Independence,28.765354
05065,Izard,0
05067,Jackson,35.49388242
05069,Jefferson,69.40677966
05071,Johnson,30.35457688
05073,Lafayette,0
05075,Lawrence,40.33053774
05077,Lee,0
05079,Lincoln,0
05081,Little River,0
05083,Logan,0
05085,Lonoke,48.06323043
05087,Madison,0
05089,Marion,0
05091,Miller,60.09389671
05093,Mississippi,54.36155831
05095,Monroe,0
05097,Montgomery,0
05099,Nevada,0
05101,Newton,0
05103,Ouachita,43.58940397
05105,Perry,0
05107,Phillips,51.90125543
05109,Pike,0
05111,Poinsett,31.49575441
05113,Polk,28.79142604
05115,Pope,44.11416671
05117,Prairie,0
05119,Pulaski,88.63839649
05121,Randolph,38.57627484
05123,St. Francis,37.05933304
05125,Saline,63.23815389
05127,Scott,0
05129,Searcy,0
05131,Sebastian,80.32535466
05133,Sevier,37.2119452
05135,Sharp,0
05137,Stone,0
05139,Union,47.8772981
05141,Van Buren,0
05143,Washington,75.99879612
05145,White,44.08632944
05147,Woodruff,0
05149,Yell,19.29625426
06001,Alameda,99.50943708
06003,Alpine,0
06005,Amador,30.7703711
06007,Butte,78.98332955
06009,Calaveras,18.02525832
06011,Colusa,57.29657951
06013,Contra Costa,98.99985162
06015,Del Norte,56.30249072
06017,El Dorado,63.32766692
06019,Fresno,88.73498742
06021,Glenn,58.78894768
06023,Humboldt,68.46544485
06025,Imperial,81.59452872
06027,Inyo,57.91438788
06029,Kern,86.64712643
06031,Kings,89.08621119
06033,Lake,59.21247598
06035,Lassen,27.48243202
06037,Los Angeles,99.10904813
06039,Madera,61.39259544
06041,Marin,93.9871379
06043,Mariposa,0
06045,Mendocino,51.53546359
06047,Merced,83.20104409
06049,Modoc,0
06051,Mono,53.39143615
06053,Monterey,85.74669445
06055,Napa,85.27449119
06057,Nevada,51.79526804
06059,Orange,99.75017171
06061,Placer,85.41875134
06063,Plumas,0
06065,Riverside,94.52651472
06067,Sacramento,97.60077726
06069,San Benito,77.26486941
06071,San Bernardino,94.61853254
06073,San Diego,95.6053627
06075,San Francisco,100
06077,San Joaquin,92.2486599
06079,San Luis Obispo,80.91203297
06081,San Mateo,98.29483466
06083,Santa Barbara,94.43052547
06085,Santa Clara,98.68111652
06087,Santa Cruz,86.70683487
06089,Shasta,66.20844885
06091,Sierra,1.236093943
06093,Siskiyou,29.08612397
06095,Solano,95.54368223
06097,Sonoma,86.36775538
06099,Stanislaus,91.82948137
06101,Sutter,84.93471039
06103,Tehama,42.96738519
06105,Trinity,0
06107,Tulare,79.94386167
06109,Tuolumne,52.16289105
06111,Ventura,96.63314147
06113,Yolo,91.95205242
06115,Yuba,70.48728164
08001,Adams,95.95898162
08003,Alamosa,66.95774304
08005,Arapahoe,97.93640374
08007,Archuleta,42.15884422
08009,Baca,0
08011,Bent,0
08013,Boulder,90.59735517
08014,Broomfield,99.60465242
08015,Chaffee,56.43355925
08017,Cheyenne,0
08019,Clear Creek,0
08021,Conejos,0
08023,Costilla,0
08025,Crowley,0
08027,Custer,0
08029,Delta,26.25336582
08031,Denver *,99.98546516
08033,Dolores,0
08035,Douglas,90.98547955
08037,Eagle,81.48965567
08039,Elbert,0
08041,El Paso,89.7495191
08043,Fremont,50.54659883
08045,Garfield,67.88360217
08047,Gilpin,0
08049,Grand,31.67907361
08051,Gunnison,42.72372621
08053,Hinsdale,0
08055,Huerfano,0
08057,Jackson,0
08059,Jefferson,92.85155513
08061,Kiowa,0
08063,Kit Carson,0
08065,Lake,61.0274341
08067,La Plata,34.35421834
08069,Larimer,89.75592231
08071,Las Animas,57.18309859
08073,Lincoln,0
08075,Logan,57.0327016
08077,Mesa,87.3284394
08079,Mineral,0
08081,Moffat,72.60006019
08083,Montezuma,33.37846725
08085,Montrose,57.43574123
08087,Morgan,65.40826492
08089,Otero,41.69074371
08091,Ouray,0
08093,Park,0
08095,Phillips,0
08097,Pitkin,67.03537274
08099,Prowers,62.52187682
08101,Pueblo,86.85374817
08103,Rio Blanco,0
08105,Rio Grande,0
08107,Routt,58.21821257
08109,Saguache,0
08111,San Juan,0
08113,San Miguel,56.82606541
08115,Sedgwick,0
08117,Summit,83.89953309
08119,Teller,39.91906111
08121,Washington,0
08123,Weld,79.98638219
08125,Yuma,0
09001,Fairfield,94.45185441
09003,Hartford,94.21899771
09005,Litchfield,54.51870012
09007,Middlesex,70.80215532
09009,New Haven,94.8452595
09011,New London,70.32228035
09013,Tolland,49.71493044
09015,Windham,49.41589789
10001,Kent,73.52832814
10003,New Castle,93.90575747
10005,Sussex,62.41816849
11001,District of Columbia,100
12001,Alachua,76.75855035
12003,Baker,38.50454722
12005,Bay,85.79068122
12007,Bradford,29.25131611
12009,Brevard,96.11959539
12011,Broward *,99.99218258
12013,Calhoun,0
12015,Charlotte,93.50002944
12017,Citrus,75.02583803
12019,Clay,85.57446906
12021,Collier,88.37717431
12023,Columbia,36.34824529
12027,DeSoto,51.04191194
12029,Dixie,0
12031,Duval,97.34924922
12033,Escambia,92.373837
12035,Flagler,92.34689456
12037,Franklin,0
12039,Gadsden,19.48843152
12041,Gilchrist,0
12043,Glades,17.30991258
12045,Gulf,0
12047,Hamilton,0
12049,Hardee,38.65440044
12051,Hendry,63.99959615
12053,Hernando,79.94190679
12055,Highlands,80.12347508
12057,Hillsborough,96.32768903
12059,Holmes,0
12061,Indian River,92.75727839
12063,Jackson,11.75003698
12065,Jefferson,0
12067,Lafayette,0
12069,Lake,82.06825782
12071,Lee,96.07201159
12073,Leon,86.56253636
12075,Levy,0
12077,Liberty,0
12079,Madison,0
12081,Manatee,95.30859873
12083,Marion,70.65478787
12085,Martin,92.67756942
12086,Miami-Dade,99.13645403
12087,Monroe,86.88732292
12089,Nassau,56.23007792
12091,Okaloosa,89.35880719
12093,Okeechobee,63.55312279
12095,Orange,97.65229651
12097,Osceola,93.69442386
12099,Palm Beach,99.15118105
12101,Pasco,92.7551785
12103,Pinellas,99.8095103
12105,Polk,89.1153113
12107,Putnam,27.32095852
12109,St. Johns,85.20691232
12111,St. Lucie,96.46230857
12113,Santa Rosa,80.09734043
12115,Sarasota,97.58943425
12117,Seminole,96.75548363
12119,Sumter,78.42268327
12121,Suwannee,15.33790311
12123,Taylor,29.96421362
12125,Union,0
12127,Volusia,91.46299384
12129,Wakulla,29.98459898
12131,Walton,43.85233384
12133,Washington,0
13001,Appling,29.02841032
13003,Atkinson,0
13005,Bacon,0
13007,Baker,0
13009,Baldwin,51.2363296
13011,Banks,4.419184918
13013,Barrow,67.03430932
13015,Bartow,60.56877347
13017,Ben Hill,65.61009655
13019,Berrien,26.67400881
13021,Bibb,85.91448146
13023,Bleckley,48.94699197
13025,Brantley,0.676987958
13027,Brooks,0
13029,Bryan,53.21874022
13031,Bulloch,54.85641007
13033,Burke,24.81297772
13035,Butts,22.39915074
13037,Calhoun,0
13039,Camden,70.41885773
13043,Candler,0
13045,Carroll,45.61721556
13047,Catoosa,76.27740453
13049,Charlton,0
13051,Chatham,96.98331476
13053,Chattahoochee,59.91636174
13055,Chattooga,40.96535149
13057,Cherokee,81.70204786
13059,Clarke,94.07558813
13061,Clay,0
13063,Clayton,99.47512559
13065,Clinch,0
13067,Cobb *,99.99477908
13069,Coffee,33.087348
13071,Colquitt,41.86892675
13073,Columbia,85.05288123
13075,Cook,40.82651344
13077,Coweta,55.10748642
13079,Crawford,0
13081,Crisp,54.30743243
13083,Dade,5.415051381
13085,Dawson,30.59929846
13087,Decatur,47.18561651
13089,DeKalb,99.84209466
13091,Dodge,31.21706399
13093,Dooly,0
13095,Dougherty,85.64984264
13097,Douglas,84.52408189
13099,Early,0
13101,Echols,0
13103,Effingham,25.78857169
13105,Elbert,29.02683709
13107,Emanuel,31.84732959
13109,Evans,0
13111,Fannin,0
13113,Fayette,81.86821484
13115,Floyd,61.27059158
13117,Forsyth,92.26131493
13119,Franklin,0
13121,Fulton,99.36768194
13123,Gilmer,21.49076643
13125,Glascock,0
13127,Glynn,81.36190961
13129,Gordon,40.08410955
13131,Grady,39.43436499
13133,Greene,0
13135,Gwinnett,99.52719886
13137,Habersham,40.66607286
13139,Hall,74.05186673
13141,Hancock,0
13143,Haralson,24.33904876
13145,Harris,2.809507327
13147,Hart,23.08734707
13149,Heard,0
13151,Henry,81.17916847
13153,Houston,91.02259324
13155,Irwin,0
13157,Jackson,37.18102415
13159,Jasper,0
13161,Jeff Davis,33.27018066
13163,Jefferson,0
13165,Jenkins,0
13167,Johnson,0
13169,Jones,16.58729319
13171,Lamar,36.89189189
13173,Lanier,0
13175,Laurens,42.04559209
13177,Lee,37.63531647
13179,Liberty,76.48645335
13181,Lincoln,0
13183,Long,19.7612568
13185,Lowndes,64.92038122
13187,Lumpkin,19.43382704
13189,McDuffie,40.625
13191,McIntosh,0
13193,Macon,0
13195,Madison,9.342629482
13197,Marion,0
13199,Meriwether,0
13201,Miller,0
13205,Mitchell,24.22431625
13207,Monroe,18.1636084
13209,Montgomery,1.289198606
13211,Morgan,23.43135791
13213,Murray,32.0416281
13215,Muscogee,96.24351205
13217,Newton,66.02508824
13219,Oconee,45.91497404
13221,Oglethorpe,0
13223,Paulding,79.5204582
13225,Peach,59.9585433
13227,Pickens,19.21965318
13229,Pierce,1.283221749
13231,Pike,0.280586585
13233,Polk,48.01530815
13235,Pulaski,0
13237,Putnam,0
13239,Quitman,26.30872483
13241,Rabun,0
13243,Randolph,0
13245,Richmond,91.66678767
13247,Rockdale,86.28727156
13249,Schley,0
13251,Screven,0
13253,Seminole,0
13255,Spalding,59.34686358
13257,Stephens,44.08228793
13259,Stewart,0
13261,Sumter,58.7756618
13263,Talbot,0
13265,Taliaferro,0
13267,Tattnall,0
13269,Taylor,0
13271,Telfair,0
13273,Terrell,0
13275,Thomas,55.09192541
13277,Tift,59.45239938
13279,Toombs,50.30706622
13281,Towns,0
13283,Treutlen,0
13285,Troup,54.63659148
13287,Turner,52.60937153
13289,Twiggs,0
13291,Union,0
13293,Upson,53.3032491
13295,Walker,48.98306087
13297,Walton,41.93932122
13299,Ware,67.88778241
13301,Warren,0
13303,Washington,35.50630378
13305,Wayne,42.36995754
13307,Webster,0
13309,Wheeler,0
13311,White,0
13313,Whitfield,65.10732618
13315,Wilcox,0
13317,Wilkes,0
13319,Wilkinson,0
13321,Worth,29.57082371
15001,Hawaii,40.5016224
15003,Honolulu,98.31117906
15005,Kalawao,0
15007,Kauai,57.79830282
15009,Maui,78.59353946
16001,Ada,94.4341744
16003,Adams,0
16005,Bannock,82.98398033
16007,Bear Lake,0
16009,Benewah,0
16011,Bingham,40.29838306
16013,Blaine,75.72923533
16015,Boise,0
16017,Bonner,27.22139673
16019,Bonneville,84.80849279
16021,Boundary,0
16023,Butte,0
16025,Camas,0
16027,Canyon,81.27301443
16029,Caribou,0
16031,Cassia,49.68566214
16033,Clark,0
16035,Clearwater,0
16037,Custer,0
16039,Elmore,62.09097886
16041,Franklin,0
16043,Fremont,0
16045,Gem,53.19772002
16047,Gooding,0
16049,Idaho,0
16051,Jefferson,33.28801269
16053,Jerome,51.18207699
16055,Kootenai,76.48836965
16057,Latah,65.57684035
16059,Lemhi,0
16061,Lewis,0
16063,Lincoln,0
16065,Madison,78.10934931
16067,Minidoka,55.63781058
16069,Nez Perce,81.09052031
16071,Oneida,0
16073,Owyhee,0
16075,Payette,58.75679508
16077,Power,0
16079,Shoshone,0
16081,Teton,0
16083,Twin Falls,65.30884215
16085,Valley,31.45751745
16087,Washington,52.41904762
17001,Adams,66.06173084
17003,Alexander,3.053435115
17005,Bond,40.44843049
17007,Boone,70.60320311
17009,Brown,0
17011,Bureau,45.01564192
17013,Calhoun,0
17015,Carroll,0
17017,Cass,48.01410827
17019,Champaign,84.04925558
17021,Christian,49.31241185
17023,Clark,0
17025,Clay,36.07013847
17027,Clinton,19.78373398
17029,Coles,73.67432729
17031,Cook,99.94521889
17033,Crawford,32.83901708
17035,Cumberland,0
17037,DeKalb,78.24337781
17039,De Witt,47.19644238
17041,Douglas,25.03546099
17043,DuPage,99.81219389
17045,Edgar,49.30629669
17047,Edwards,0
17049,Effingham,40.35421715
17051,Fayette,37.74199553
17053,Ford,33.45647998
17055,Franklin,40.8052058
17057,Fulton,39.20676009
17059,Gallatin,0
17061,Greene,0
17063,Grundy,74.97192241
17065,Hamilton,0
17067,Hancock,15.97048808
17069,Hardin,0
17071,Henderson,0.532331298
17073,Henry,50.1988475
17075,Iroquois,17.25080326
17077,Jackson,59.05161022
17079,Jasper,0
17081,Jefferson,41.19311293
17083,Jersey,40.58664931
17085,Jo Daviess,11.60880418
17087,Johnson,0
17089,Kane,95.97751887
17091,Kankakee,71.59587729
17093,Kendall,88.62962485
17095,Knox,67.73870755
17097,Lake,98.58471152
17099,LaSalle,68.40084627
17101,Lawrence,30.31413613
17103,Lee,46.82091082
17105,Livingston,35.40416027
17107,Logan,49.98749419
17109,McDonough,57.47852265
17111,McHenry,85.91040812
17113,McLean,78.44215403
17115,Macon,82.96986481
17117,Macoupin,34.48084151
17119,Madison,83.56083488
17121,Marion,52.20652548
17123,Marshall,0
17125,Mason,0
17127,Massac,47.11694544
17129,Menard,0
17131,Mercer,0
17133,Monroe,58.50065786
17135,Montgomery,46.76894796
17137,Morgan,63.80981316
17139,Moultrie,30.38689247
17141,Ogle,32.1271337
17143,Peoria,83.05725128
17145,Perry,28.32656959
17147,Piatt,35.89635938
17149,Pike,0
17151,Pope,0
17153,Pulaski,0
17155,Putnam,0
17157,Randolph,21.01249876
17159,Richland,54.65123632
17161,Rock Island,88.45595554
17163,St. Clair,85.84421134
17165,Saline,34.84937731
17167,Sangamon,81.11570059
17169,Schuyler,0
17171,Scott,0
17173,Shelby,23.4587899
17175,Stark,0
17177,Stephenson,54.07797446
17179,Tazewell,78.17774834
17181,Union,35.18905126
17183,Vermilion,60.46260851
17185,Wabash,61.28861896
17187,Warren,54.58271458
17189,Washington,0.683089892
17191,Wayne,29.4579393
17193,White,36.51365569
17195,Whiteside,56.44897739
17197,Will,95.12518758
17199,Williamson,58.96534779
17201,Winnebago,90.30594007
17203,Woodford,29.83856292
18001,Adams,29.15747438
18003,Allen,87.08129005
18005,Bartholomew,69.30590697
18007,Benton,0
18009,Blackford,50.65224571
18011,Boone,72.80828108
18013,Brown,0
18015,Carroll,5.431892052
18017,Cass,53.79984156
18019,Clark,78.66928724
18021,Clay,40.00226706
18023,Clinton,50.54233203
18025,Crawford,0
18027,Daviess,38.70465235
18029,Dearborn,39.78965647
18031,Decatur,47.32925355
18033,DeKalb,47.02646481
18035,Delaware,76.94074332
18037,Dubois,52.40048583
18039,Elkhart,76.74247876
18041,Fayette,61.54799556
18043,Floyd,65.94851151
18045,Fountain,0
18047,Franklin,11.13890718
18049,Fulton,35.80566406
18051,Gibson,25.27339372
18053,Grant,61.43474218
18055,Greene,17.19962341
18057,Hamilton,94.25931096
18059,Hancock,72.3246493
18061,Harrison,14.36425077
18063,Hendricks,84.75925121
18065,Henry,37.93392485
18067,Howard,74.33957302
18069,Huntington,47.88336697
18071,Jackson,52.22495046
18073,Jasper,16.73552464
18075,Jay,31.07725364
18077,Jefferson,52.63523094
18079,Jennings,25.11860356
18081,Johnson,87.2654777
18083,Knox,54.5725153
18085,Kosciusko,51.63634098
18087,LaGrange,0
18089,Lake,95.46320433
18091,LaPorte,63.47883327
18093,Lawrence,32.06327342
18095,Madison,75.37751001
18097,Marion,99.12055121
18099,Marshall,26.63846404
18101,Martin,0
18103,Miami,54.44079862
18105,Monroe,78.80373323
18107,Montgomery,47.08719949
18109,Morgan,45.89997214
18111,Newton,0
18113,Noble,22.30861622
18115,Ohio,0
18117,Orange,0
18119,Owen,0
18121,Parke,0.625154741
18123,Perry,45.70161711
18125,Pike,0
18127,Porter,76.42063332
18129,Posey,29.58924748
18131,Pulaski,0
18133,Putnam,27.746011
18135,Randolph,33.43400539
18137,Ripley,18.63424728
18139,Rush,38.61628462
18141,St. Joseph,89.9806531
18143,Scott,31.07775591
18145,Shelby,47.40872267
18147,Spencer,0
18149,Starke,0
18151,Steuben,36.84042399
18153,Sullivan,23.41355623
18155,Switzerland,0
18157,Tippecanoe,84.34854041
18159,Tipton,38.45953513
18161,Union,0
18163,Vanderburgh,92.043234
18165,Vermillion,41.34335125
18167,Vigo,75.23291852
18169,Wabash,49.85149793
18171,Warren,0
18173,Warrick,73.25894394
18175,Washington,23.47952594
18177,Wayne,62.30072273
18179,Wells,36.71398155
18181,White,38.60985094
18183,Whitley,30.91456816
19001,Adair,0
19003,Adams,0
19005,Allamakee,0
19007,Appanoose,42.77827393
19009,Audubon,0
19011,Benton,18.69012708
19013,Black Hawk,87.0333374
19015,Boone,46.83136815
19017,Bremer,36.65359372
19019,Buchanan,32.92487236
19021,Buena Vista,56.9562503
19023,Butler,0
19025,Calhoun,0
19027,Carroll,48.89210019
19029,Cass,50.33899596
19031,Cedar,0
19033,Cerro Gordo,79.6716674
19035,Cherokee,40.35855207
19037,Chickasaw,0
19039,Clarke,54.19573246
19041,Clay,66.93725586
19043,Clayton,0.927066831
19045,Clinton,69.85148515
19047,Crawford,49.27080182
19049,Dallas,78.65125705
19051,Davis,0
19053,Decatur,0
19055,Delaware,28.09354986
19057,Des Moines,73.02235929
19059,Dickinson,73.18533582
19061,Dubuque,68.27513952
19063,Emmet,61.50404772
19065,Fayette,30.09380286
19067,Floyd,46.42605746
19069,Franklin,0
19071,Fremont,0.136260409
19073,Greene,0
19075,Grundy,0
19077,Guthrie,0
19079,Hamilton,50.57517122
19081,Hancock,0
19083,Hardin,29.96800569
19085,Harrison,0
19087,Henry,45.32760473
19089,Howard,0
19091,Humboldt,55.63196832
19093,Ida,0
19095,Iowa,0
19097,Jackson,31.29586862
19099,Jasper,42.16274826
19101,Jefferson,58.80738045
19103,Johnson,83.3448912
19105,Jones,26.20846653
19107,Keokuk,0
19109,Kossuth,36.70758025
19111,Lee,59.05230219
19113,Linn,86.30823408
19115,Louisa,0
19117,Lucas,0
19119,Lyon,0
19121,Madison,30.68044477
19123,Mahaska,56.51644885
19125,Marion,53.03465613
19127,Marshall,68.27328263
19129,Mills,34.58298812
19131,Mitchell,0
19133,Monona,0
19135,Monroe,0
19137,Montgomery,53.39787028
19139,Muscatine,58.1565861
19141,O'Brien,36.17966436
19143,Osceola,0
19145,Page,66.24153573
19147,Palo Alto,0
19149,Plymouth,39.4505409
19151,Pocahontas,0
19153,Polk,95.52661347
19155,Pottawattamie,73.07482892
19157,Poweshiek,50.83056478
19159,Ringgold,0
19161,Sac,0
19163,Scott,86.72231478
19165,Shelby,40.12429763
19167,Sioux,43.39038805
19169,Story,74.15387113
19171,Tama,30.714911
19173,Taylor,0
19175,Union,61.84709178
19177,Van Buren,0
19179,Wapello,70.60134887
19181,Warren,52.92635918
19183,Washington,30.33902061
19185,Wayne,0
19187,Webster,66.75585827
19189,Winnebago,0
19191,Winneshiek,39.82561036
19193,Woodbury,83.87215526
19195,Worth,0
19197,Wright,0
20001,Allen,46.66294108
20003,Anderson,0
20005,Atchison,66.7176413
20007,Barber,0
20009,Barton,57.92178245
20011,Bourbon,51.80362117
20013,Brown,0
20015,Butler,53.89878302
20017,Chase,0
20019,Chautauqua,0
20021,Cherokee,0
20023,Cheyenne,0
20025,Clark,0
20027,Clay,50.89318714
20029,Cloud,55.70194863
20031,Coffey,0
20033,Comanche,0
20035,Cowley,68.00486266
20037,Crawford,59.32464333
20039,Decatur,0
20041,Dickinson,35.89283774
20043,Doniphan,28.32223702
20045,Douglas,85.36262996
20047,Edwards,0
20049,Elk,0
20051,Ellis,75.62037741
20053,Ellsworth,0
20055,Finney,80.51988563
20057,Ford,80.79447021
20059,Franklin,47.93429758
20061,Geary,88.37747353
20063,Gove,0
20065,Graham,0
20067,Grant,79.7742111
20069,Gray,0
20071,Greeley,0
20073,Greenwood,0
20075,Hamilton,0
20077,Harper,0
20079,Harvey,59.89301669
20081,Haskell,0
20083,Hodgeman,0
20085,Jackson,0
20087,Jefferson,0.871080139
20089,Jewell,0
20091,Johnson,95.96269982
20093,Kearny,0
20095,Kingman,0
20097,Kiowa,0
20099,Labette,46.73503765
20101,Lane,0
20103,Leavenworth,66.80182216
20105,Lincoln,0
20107,Linn,0
20109,Logan,0
20111,Lyon,74.83762702
20113,McPherson,46.45137809
20115,Marion,0
20117,Marshall,0
20119,Meade,0
20121,Miami,24.61758942
20123,Mitchell,0
20125,Montgomery,54.60522137
20127,Morris,0
20129,Morton,0
20131,Nemaha,0
20133,Neosho,54.76609658
20135,Ness,0
20137,Norton,0
20139,Osage,0
20141,Osborne,0
20143,Ottawa,0
20145,Pawnee,59.71533664
20147,Phillips,0
20149,Pottawatomie,34.46031245
20151,Pratt,71.95588075
20153,Rawlins,0
20155,Reno,68.62095706
20157,Republic,0
20159,Rice,0
20161,Riley,90.15133618
20163,Rooks,0
20165,Rush,0
20167,Russell,60.76819608
20169,Saline,85.71717953
20171,Scott,0
20173,Sedgwick,92.58014142
20175,Seward,90.34328902
20177,Shawnee,83.1685382
20179,Sheridan,0
20181,Sherman,74.89455036
20183,Smith,0
20185,Stafford,0
20187,Stanton,0
20189,Stevens,0
20191,Sumner,37.35144312
20193,Thomas,68.9407314
20195,Trego,0
20197,Wabaunsee,0
20199,Wallace,0
20201,Washington,0
20203,Wichita,0
20205,Wilson,0
20207,Woodson,0
20209,Wyandotte,94.71121747
21001,Adair,26.54605089
21003,Allen,22.52282883
21005,Anderson,56.77930572
21007,Ballard,0
21009,Barren,37.89816792
21011,Bath,0
21013,Bell,40.73121135
21015,Boone,88.53406684
21017,Bourbon,55.64388702
21019,Boyd,76.20853277
21021,Boyle,64.63709414
21023,Bracken,0
21025,Breathitt,0
21027,Breckinridge,0
21029,Bullitt,70.54745369
21031,Butler,0
21033,Caldwell,47.89311408
21035,Calloway,51.09559874
21037,Campbell,82.88925179
21039,Carlisle,0
21041,Carroll,50.61054579
21043,Carter,20.3477673
21045,Casey,0
21047,Christian,70.92703579
21049,Clark,71.00778968
21051,Clay,0
21053,Clinton,0
21055,Crittenden,0
21057,Cumberland,0
21059,Daviess,73.9826932
21061,Edmonson,0
21063,Elliott,0
21065,Estill,28.44736285
21067,Fayette,97.07257339
21069,Fleming,0
21071,Floyd,21.78509821
21073,Franklin,73.40951864
21075,Fulton,35.80966999
21077,Gallatin,0
21079,Garrard,0
21081,Grant,0
21083,Graves,33.4415673
21085,Grayson,24.55715367
21087,Green,0
21089,Greenup,57.31605584
21091,Hancock,8.576140737
21093,Hardin,66.50286354
21095,Harlan,22.91006671
21097,Harrison,34.20179756
21099,Hart,11.67565326
21101,Henderson,63.46973858
21103,Henry,0
21105,Hickman,0
21107,Hopkins,46.95418621
21109,Jackson,0
21111,Jefferson,98.36724059
21113,Jessamine,75.26749825
21115,Johnson,26.19488536
21117,Kenton,93.28005962
21119,Knott,0
21121,Knox,37.95250555
21123,Larue,0
21125,Laurel,39.00787376
21127,Lawrence,23.97962315
21129,Lee,0
21131,Leslie,0
21133,Letcher,0
21135,Lewis,0
21137,Lincoln *,0.107106076
21139,Livingston,4.657965797
21141,Logan,24.20895305
21143,Lyon,0
21145,McCracken,73.17569061
21147,McCreary,0
21149,McLean,0
21151,Madison,63.81484558
21153,Magoffin,0
21155,Marion,31.70931005
21157,Marshall,14.81727155
21159,Martin,0
21161,Mason,46.51285047
21163,Meade,9.402393094
21165,Menifee,0
21167,Mercer,43.24455634
21169,Metcalfe,0
21171,Monroe,0
21173,Montgomery,49.5126983
21175,Morgan,0
21177,Muhlenberg,36.48150543
21179,Nelson,37.83217082
21181,Nicholas,0
21183,Ohio,23.80111055
21185,Oldham,74.83692517
21187,Owen,0
21189,Owsley,0
21191,Pendleton,0
21193,Perry,27.42247041
21195,Pike,15.2158721
21197,Powell,0
21199,Pulaski,47.40904758
21201,Robertson,0
21203,Rockcastle,0
21205,Rowan,38.01394858
21207,Russell,0
21209,Scott,67.69661447
21211,Shelby,48.23676272
21213,Simpson,59.39573339
21215,Spencer,0
21217,Taylor,49.14498713
21219,Todd,0
21221,Trigg,0
21223,Trimble,0
21225,Union,0
21227,Warren,72.69497748
21229,Washington,0
21231,Wayne,34.16517515
21233,Webster,0
21235,Whitley,36.33961647
21237,Wolfe,0
21239,Woodford,62.75538685
22001,Acadia,38.31283868
22003,Allen,29.45054945
22005,Ascension,89.16363636
22007,Assumption,35.50073673
22009,Avoyelles,16.8342025
22011,Beauregard,27.02946729
22013,Bienville,0
22015,Bossier,72.83255402
22017,Caddo,84.03434126
22019,Calcasieu,74.95952211
22021,Caldwell,0
22023,Cameron,0
22025,Catahoula,0
22027,Claiborne,0
22029,Concordia,65.8639696
22031,De Soto,20.89362972
22033,East Baton Rouge,93.14179005
22035,East Carroll,0
22037,East Feliciana,0
22039,Evangeline,25.02936631
22041,Franklin,26.00384343
22043,Grant,0
22045,Iberia,67.56281371
22047,Iberville,41.52971132
22049,Jackson,34.89455126
22051,Jefferson,98.42869815
22053,Jefferson Davis,29.07906977
22055,Lafayette,90.92007131
22057,Lafourche,76.63212276
22059,LaSalle,0
22061,Lincoln,59.58963551
22063,Livingston,61.24316498
22065,Madison,71.46850354
22067,Morehouse,49.17866479
22069,Natchitoches,50.47314408
22071,Orleans,99.56952789
22073,Ouachita,74.80544747
22075,Plaquemines,66.81267276
22077,Pointe Coupee,32.72955005
22079,Rapides,60.22396038
22081,Red River,0
22083,Richland,0
22085,Sabine,0
22087,St. Bernard,94.62343479
22089,St. Charles,82.22040381
22091,St. Helena,0
22093,St. James,50.4209588
22095,St. John the Baptist,88.27129976
22097,St. Landry,40.80445844
22099,St. Martin,47.79106381
22101,St. Mary,80.48212768
22103,St. Tammany,77.01780247
22105,Tangipahoa,54.0129321
22107,Tensas,0
22109,Terrebonne,79.29731703
22111,Union,0
22113,Vermilion,44.06631915
22115,Vernon,42.17025641
22117,Washington,24.23729186
22119,Webster,50.28809479
22121,West Baton Rouge,73.89609912
22123,West Carroll,0
22125,West Feliciana,0
22127,Winn,33.95856052
23001,Androscoggin,54.6549816
23003,Aroostook,14.36852694
23005,Cumberland,62.35444734
23007,Franklin,0
23009,Hancock,0
23011,Kennebec,37.76710179
23013,Knox,35.77708277
23015,Lincoln,8.703919176
23017,Oxford,17.23177043
23019,Penobscot,42.93786424
23021,Piscataquis,0
23023,Sagadahoc,38.61413118
23025,Somerset,15.12173861
23027,Waldo,9.478122554
23029,Washington,0
23031,York,48.02096503
24001,Allegany,65.01482982
24003,Anne Arundel,92.51760698
24005,Baltimore,92.87085959
24009,Calvert,38.10935193
24011,Caroline,15.0452047
24013,Carroll,57.76124842
24015,Cecil,51.65196433
24017,Charles,71.58513237
24019,Dorchester,46.04223664
24021,Frederick,72.45884505
24023,Garrett,15.78837742
24025,Harford,79.07130046
24027,Howard,88.12248546
24029,Kent,30.37295552
24031,Montgomery,97.32058705
24033,Prince George's,97.56544917
24035,Queen Anne's,40.9732526
24037,St. Mary's,43.25566679
24039,Somerset,40.27213647
24041,Talbot,48.05468209
24043,Washington,67.77285802
24045,Wicomico,73.13009229
24047,Worcester,59.04117423
24510,Baltimore,100
25001,Barnstable,97.20650142
25003,Berkshire,65.31319269
25005,Bristol,89.55611188
25007,Dukes,68.27184466
25009,Essex,94.84545503
25011,Franklin,45.14634867
25013,Hampden,90.47260237
25015,Hampshire,71.4530399
25017,Middlesex,96.46225924
25019,Nantucket,84.25815503
25021,Norfolk,97.97777077
25023,Plymouth,87.53492245
25025,Suffolk *,99.99
25027,Worcester,78.82418853
26001,Alcona,7.091570768
26003,Alger,0
26005,Allegan,32.42186852
26007,Alpena,53.36077767
26009,Antrim,0
26011,Arenac,12.45833889
26013,Baraga,0
26015,Barry,12.88146997
26017,Bay,71.060892
26019,Benzie,14.4852532
26021,Berrien,69.90331528
26023,Branch,30.58490482
26025,Calhoun,67.65765766
26027,Cass,25.89699355
26029,Charlevoix,30.19881784
26031,Cheboygan,21.15016224
26033,Chippewa,48.8704635
26035,Clare,12.30230749
26037,Clinton,48.68061874
26039,Crawford,0.161687712
26041,Delta,57.33680189
26043,Dickinson,64.75122365
26045,Eaton,62.01511335
26047,Emmet,36.86972326
26049,Genesee,81.8008375
26051,Gladwin,0
26053,Gogebic,35.91794159
26055,Grand Traverse,56.82710683
26057,Gratiot,41.70637676
26059,Hillsdale,23.26323613
26061,Houghton,54.78975402
26063,Huron,0
26065,Ingham,85.43243243
26067,Ionia,38.98269565
26069,Iosco,50.24765226
26071,Iron,0
26073,Isabella,47.73426096
26075,Jackson,52.71566292
26077,Kalamazoo,78.36129476
26079,Kalkaska,0
26081,Kent,83.81136641
26083,Keweenaw,0
26085,Lake,0
26087,Lapeer,14.05003442
26089,Leelanau,12.41648357
26091,Lenawee,43.13891152
26093,Livingston,60.4871406
26095,Luce,0
26097,Mackinac,25.32767214
26099,Macomb,96.79000746
26101,Manistee,32.33061681
26103,Marquette,54.50111335
26105,Mason,40.90251962
26107,Mecosta,25.52248577
26109,Menominee,36.83090801
26111,Midland,56.78372099
26113,Missaukee,0
26115,Monroe,62.27867889
26117,Montcalm,15.40967364
26119,Montmorency,0
26121,Muskegon,73.98648649
26123,Newaygo,10.3345472
26125,Oakland,94.45776231
26127,Oceana,0
26129,Ogemaw,0
26131,Ontonagon,0
26133,Osceola,0
26135,Oscoda,0
26137,Otsego,33.78103703
26139,Ottawa,78.80114787
26141,Presque Isle,0
26143,Roscommon,56.12771218
26145,Saginaw,67.38496981
26147,St. Clair,60.49394262
26149,St. Joseph,36.28054284
26151,Sanilac,6.355420945
26153,Schoolcraft,0
26155,Shiawassee,40.21646547
26157,Tuscola,10.09508092
26159,Van Buren,21.94821861
26161,Washtenaw,82.80520499
26163,Wayne,99.10318077
26165,Wexford,36.25456597
27001,Aitkin,0
27003,Anoka,84.09753577
27005,Becker,29.08791178
27007,Beltrami,32.12122523
27009,Benton,54.9650789
27011,Big Stone,0
27013,Blue Earth,66.42695914
27015,Brown,51.84856437
27017,Carlton,36.49294335
27019,Carver,75.34932007
27021,Cass,0
27023,Chippewa,42.79250675
27025,Chisago,34.34414793
27027,Clay,74.20772222
27029,Clearwater,0
27031,Cook,0
27033,Cottonwood,0
27035,Crow Wing,31.28563435
27037,Dakota,95.01889143
27039,Dodge,36.65596396
27041,Douglas,48.60021535
27043,Faribault,0
27045,Fillmore,0
27047,Freeborn,58.23596051
27049,Goodhue,33.08814257
27051,Grant,0
27053,Hennepin,97.6119042
27055,Houston,28.98158467
27057,Hubbard,0
27059,Isanti,40.71715084
27061,Itasca,22.98840361
27063,Jackson,0
27065,Kanabec,0
27067,Kandiyohi,57.03832434
27069,Kittson,0
27071,Koochiching,54.5100315
27073,Lac qui Parle,0
27075,Lake,0
27077,Lake of the Woods,0
27079,Le Sueur,14.2254307
27081,Lincoln,0
27083,Lyon,53.45680478
27085,McLeod,55.50025836
27087,Mahnomen,0
27089,Marshall,0
27091,Martin,41.88264669
27093,Meeker,28.07264957
27095,Mille Lacs,18.15261348
27097,Morrison,27.67127315
27099,Mower,63.65135277
27101,Murray,0
27103,Nicollet,74.78957451
27105,Nobles,61.91117093
27107,Norman,0
27109,Olmsted,82.63154986
27111,Otter Tail,22.08019174
27113,Pennington,63.55060034
27115,Pine,0
27117,Pipestone,0
27119,Polk,53.46563221
27121,Pope,37.15953307
27123,Ramsey,99.97990412
27125,Red Lake,0
27127,Redwood,29.87358185
27129,Renville,0
27131,Rice,67.81227179
27133,Rock,49.54657873
27135,Roseau,0
27137,St. Louis,60.7123772
27139,Scott,81.8979911
27141,Sherburne,49.07133964
27143,Sibley,0
27145,Stearns,62.01134612
27147,Steele,70.25076191
27149,Stevens,52.01116741
27151,Swift,0
27153,Todd,0.577943156
27155,Traverse,0
27157,Wabasha,18.81984383
27159,Wadena,28.15499467
27161,Waseca,48.56073387
27163,Washington,86.63367817
27165,Watonwan,0
27167,Wilkin,52.04426683
27169,Winona,59.65855328
27171,Wright,60.83191238
27173,Yellow Medicine,0
28001,Adams,63.52156544
28003,Alcorn,35.87795049
28005,Amite,0
28007,Attala,37.54262396
28009,Benton,0
28011,Bolivar,46.29982249
28013,Calhoun,0
28015,Carroll,0
28017,Chickasaw,0
28019,Choctaw,0
28021,Claiborne,0
28023,Clarke,0
28025,Clay,43.6467053
28027,Coahoma,67.35857878
28029,Copiah,17.82642414
28031,Covington,0
28033,DeSoto,78.09879448
28035,Forrest,65.4034136
28037,Franklin,0
28039,George,0
28041,Greene,0
28043,Grenada,47.51028711
28045,Hancock,61.73973465
28047,Harrison,80.8264748
28049,Hinds,82.42001914
28051,Holmes,0
28053,Humphreys,0
28055,Issaquena,0
28057,Itawamba,0
28059,Jackson,69.65906235
28061,Jasper,0
28063,Jefferson,0
28065,Jefferson Davis,0
28067,Jones,37.47583499
28069,Kemper,0
28071,Lafayette,60.05410926
28073,Lamar,46.25050606
28075,Lauderdale,46.3238518
28077,Lawrence,0
28079,Leake,0
28081,Lee,48.27400022
28083,Leflore,68.72154981
28085,Lincoln,29.08299195
28087,Lowndes,45.67842524
28089,Madison,74.24252142
28091,Marion,25.51450432
28093,Marshall,16.4701351
28095,Monroe,17.48683441
28097,Montgomery,0
28099,Neshoba,24.4576615
28101,Newton,0
28103,Noxubee,0
28105,Oktibbeha,63.35830694
28107,Panola,18.8900265
28109,Pearl River,29.03375189
28111,Perry,0
28113,Pike,38.00962206
28115,Pontotoc,0
28117,Prentiss,25.743762
28119,Quitman,0
28121,Rankin,67.0014201
28123,Scott,0
28125,Sharkey,0
28127,Simpson,0
28129,Smith,0
28131,Stone,0
28133,Sunflower,35.96704016
28135,Tallahatchie,0
28137,Tate,24.2909065
28139,Tippah,0
28141,Tishomingo,0
28143,Tunica,0
28145,Union,24.34748173
28147,Walthall,0
28149,Warren,57.50413667
28151,Washington,65.15070567
28153,Wayne,0
28155,Webster,0
28157,Wilkinson,0
28159,Winston,0
28161,Yalobusha,0
28163,Yazoo,56.31380174
29001,Adair,66.54815517
29003,Andrew,39.58643507
29005,Atchison,0
29007,Audrain,45.47311914
29009,Barry,17.48421845
29011,Barton,0
29013,Bates,0
29015,Benton,0
29017,Bollinger,0
29019,Boone,77.24579271
29021,Buchanan,86.25004423
29023,Butler,48.53785901
29025,Caldwell,0
29027,Callaway,39.88663821
29029,Camden,43.74780676
29031,Cape Girardeau,67.79953494
29033,Carroll,0
29035,Carter,0
29037,Cass,70.3387001
29039,Cedar,0
29041,Chariton,0
29043,Christian,57.75083857
29045,Clark,0
29047,Clay,91.90794797
29049,Clinton,24.22583082
29051,Cole,65.70348995
29053,Cooper,46.97421505
29055,Crawford,6.796495489
29057,Dade,0
29059,Dallas,0
29061,Daviess,0
29063,DeKalb,30.08432315
29065,Dent,32.48041051
29067,Douglas,0
29069,Dunklin,37.33691617
29071,Franklin,45.01060354
29073,Gasconade,0
29075,Gentry,0
29077,Greene,85.85852165
29079,Grundy,55.32218597
29081,Harrison,0
29083,Henry,40.39916158
29085,Hickory,0
29087,Holt,0
29089,Howard,0
29091,Howell,29.8163522
29093,Iron,0
29095,Jackson,95.73106118
29097,Jasper,76.53326382
29099,Jefferson,65.22830214
29101,Johnson,47.23122211
29103,Knox,0
29105,Laclede,40.81689281
29107,Lafayette,30.68457434
29109,Lawrence,28.47030341
29111,Lewis,0
29113,Lincoln,27.98032699
29115,Linn,32.58379653
29117,Livingston,62.66401044
29119,McDonald,0.107282324
29121,Macon,35.23571569
29123,Madison,39.48994139
29125,Maries,0
29127,Marion,61.04820333
29129,Mercer,0
29131,Miller,23.53773967
29133,Mississippi,0
29135,Moniteau,0
29137,Monroe,0
29139,Montgomery,0
29141,Morgan,0
29143,New Madrid,12.57149811
29145,Newton,36.77192743
29147,Nodaway,52.78470882
29149,Oregon,0
29151,Osage,0
29153,Ozark,0
29155,Pemiscot,33.96334845
29157,Perry,42.53006963
29159,Pettis,60.59329921
29161,Phelps,46.17142345
29163,Pike,0
29165,Platte,86.35844
29167,Polk,32.75484628
29169,Pulaski,58.70076916
29171,Putnam,0
29173,Ralls,2.491549976
29175,Randolph,49.21103738
29177,Ray,25.93056395
29179,Reynolds,0
29181,Ripley,0
29183,St. Charles,94.34143838
29185,St. Clair,0
29186,Ste. Genevieve,26.99280264
29187,St. Francois,59.02393832
29189,St. Louis,98.64538778
29195,Saline,57.73368191
29197,Schuyler,0
29199,Scotland,0
29201,Scott,54.00299535
29203,Shannon,0
29205,Shelby,0
29207,Stoddard,33.60421317
29209,Stone,17.07105162
29211,Sullivan,0
29213,Taney,62.82773874
29215,Texas,0.616653735
29217,Vernon,43.27903791
29219,Warren,26.44939773
29221,Washington,0
29223,Wayne,0
29225,Webster,19.28361264
29227,Worth,0
29229,Wright,22.36639543
29510,St. Louis,100
30001,Beaverhead,47.26283214
30003,Big Horn,0
30005,Blaine,0
30007,Broadwater,0
30009,Carbon,0
30011,Carter,0
30013,Cascade,79.48563035
30015,Chouteau,0
30017,Custer,77.75343389
30019,Daniels,0
30021,Dawson,74.66442953
30023,Deer Lodge,71.08587199
30025,Fallon,0
30027,Fergus,52.62973965
30029,Flathead,48.5046523
30031,Gallatin,65.24377942
30033,Garfield,0
30035,Glacier,0
30037,Golden Valley,0
30039,Granite,0
30041,Hill,60.2489423
30043,Jefferson,0
30045,Judith Basin,0
30047,Lake,17.87113766
30049,Lewis and Clark,73.80271371
30051,Liberty,0
30053,Lincoln,22.06128983
30055,McCone,0
30057,Madison,0
30059,Meagher,0
30061,Mineral,0
30063,Missoula,74.71803395
30065,Musselshell,0
30067,Park,54.38892444
30069,Petroleum,0
30071,Phillips,0
30073,Pondera,0
30075,Powder River,0
30077,Powell,0
30079,Prairie,0
30081,Ravalli,15.55213474
30083,Richland,56.75746236
30085,Roosevelt,0
30087,Rosebud,0
30089,Sanders,0
30091,Sheridan,0
30093,Silver Bow,86.12415678
30095,Stillwater,0
30097,Sweet Grass,0
30099,Teton,0
30101,Toole,0
30103,Treasure,0
30105,Valley,0
30107,Wheatland,0
30109,Wibaux,0
30111,Yellowstone,83.51554959
31001,Adams,79.4968755
31003,Antelope,0
31005,Arthur,0
31007,Banner,0
31009,Blaine,0
31011,Boone,0
31013,Box Butte,74.88470762
31015,Boyd,0
31017,Brown,0
31019,Buffalo,68.93618721
31021,Burt,0
31023,Butler,0
31025,Cass,25.02067825
31027,Cedar,0
31029,Chase,0
31031,Cherry,0
31033,Cheyenne,65.82171525
31035,Clay,0
31037,Colfax,61.63296163
31039,Cuming,0
31041,Custer,0
31043,Dakota,79.39486609
31045,Dawes,60.12928406
31047,Dawson,43.29144374
31049,Deuel,0
31051,Dixon,0
31053,Dodge,76.12129039
31055,Douglas,97.56383805
31057,Dundy,0
31059,Fillmore,0
31061,Franklin,0
31063,Frontier,0
31065,Furnas,0
31067,Gage,55.94360487
31069,Garden,0
31071,Garfield,0
31073,Gosper,0
31075,Grant,0
31077,Greeley,0
31079,Hall,87.60473806
31081,Hamilton,0
31083,Harlan,0
31085,Hayes,0
31087,Hitchcock,0
31089,Holt,0
31091,Hooker,0
31093,Howard,0
31095,Jefferson,55.40055249
31097,Johnson,0
31099,Kearney,0
31101,Keith,56.64067187
31103,Keya Paha,0
31105,Kimball,0
31107,Knox,0
31109,Lancaster,90.26961514
31111,Lincoln,68.00669051
31113,Logan,0
31115,Loup,0
31117,McPherson,0
31119,Madison,72.64015737
31121,Merrick,0
31123,Morrill,0
31125,Nance,0
31127,Nemaha,0
31129,Nuckolls,0
31131,Otoe,44.11764706
31133,Pawnee,0
31135,Perkins,0
31137,Phelps,60.8162355
31139,Pierce,0
31141,Platte,72.42243993
31143,Polk,0
31145,Red Willow,69.09923379
31147,Richardson,52.50921103
31149,Rock,0
31151,Saline,48.69157571
31153,Sarpy,94.84323519
31155,Saunders,21.46512254
31157,Scotts Bluff,69.571001
31159,Seward,42.43852575
31161,Sheridan,0
31163,Sherman,0
31165,Sioux,0
31167,Stanton,26.66894899
31169,Thayer,0
31171,Thomas,0
31173,Thurston,0
31175,Valley,0
31177,Washington,38.3465133
31179,Wayne,61.66855729
31181,Webster,0
31183,Wheeler,0
31185,York,56.41061947
32001,Churchill,65.65684277
32003,Clark,98.73107504
32005,Douglas,70.2695603
32007,Elko,48.20118431
32009,Esmeralda,0
32011,Eureka,0
32013,Humboldt,61.01243853
32015,Lander,0
32017,Lincoln,0
32019,Lyon,55.37435638
32021,Mineral,0
32023,Nye,72.68321994
32027,Pershing,0
32029,Storey,10.86744639
32031,Washoe,95.82829728
32033,White Pine,49.06387665
32510,Carson City,94.02104402
33001,Belknap,45.54587552
33003,Carroll,10.52148402
33005,Cheshire,30.88100657
33007,Coos,30.88780862
33009,Grafton,34.32472179
33011,Hillsborough,75.56279068
33013,Merrimack,45.35004681
33015,Rockingham,70.98982736
33017,Strafford,63.26352864
33019,Sullivan,21.86331654
34001,Atlantic,85.06487357
34003,Bergen,99.87894096
34005,Burlington,90.23037284
34007,Camden,98.69222614
34009,Cape May,81.40411282
34011,Cumberland,75.50923764
34013,Essex,99.98622251
34015,Gloucester,88.68320245
34017,Hudson,100
34019,Hunterdon,41.65277207
34021,Mercer,94.92203232
34023,Middlesex,99.02347416
34025,Monmouth,94.87115745
34027,Morris,91.44506514
34029,Ocean,96.30682219
34031,Passaic,97.16876734
34033,Salem,46.84208091
34035,Somerset,92.46846054
34037,Sussex,51.36353236
34039,Union,100
34041,Warren,56.77995476
35001,Bernalillo,96.01859134
35003,Catron,0
35005,Chaves,74.94359777
35006,Cibola,36.69954365
35007,Colfax,45.44280294
35009,Curry,81.17695643
35011,De Baca,0
35013,Doña Ana,77.51376611
35015,Eddy,77.97766152
35017,Grant,59.5777896
35019,Guadalupe,0
35021,Harding,0
35023,Hidalgo,0
35025,Lea,75.10845477
35027,Lincoln,54.47728058
35028,Los Alamos,95.0203409
35029,Luna,58.65025367
35031,McKinley,33.53543113
35033,Mora,0
35035,Otero,45.40308672
35037,Quay,59.65012577
35039,Rio Arriba,43.59438099
35041,Roosevelt,63.58188734
35043,Sandoval,80.8451026
35045,San Juan,64.79644257
35047,San Miguel,53.41715378
35049,Santa Fe,64.96192426
35051,Sierra,66.6292329
35053,Socorro,48.94245255
35055,Taos,45.42027893
35057,Torrance,0
35059,Union,0
35061,Valencia,70.02821337
36001,Albany,90.43189094
36003,Allegany,11.49259514
36005,Bronx *,99.99
36007,Broome,75.05272218
36009,Cattaraugus,38.19085694
36011,Cayuga,41.22468786
36013,Chautauqua,55.93112794
36015,Chemung,74.09326425
36017,Chenango,16.64125371
36019,Clinton,36.26867728
36021,Columbia,17.23241839
36023,Cortland,53.12226281
36025,Delaware,9.452017694
36027,Dutchess,68.2603891
36029,Erie,89.69143902
36031,Essex,13.49883631
36033,Franklin,29.7991799
36035,Fulton,49.2948766
36037,Genesee,37.87935877
36039,Greene,26.79059481
36041,Hamilton,0
36043,Herkimer,47.39852675
36045,Jefferson,50.61985418
36047,Kings,100
36049,Lewis,0
36051,Livingston,28.62179384
36053,Madison,30.8398024
36055,Monroe,91.87983825
36057,Montgomery,54.57280142
36059,Nassau,99.57091907
36061,New York,100
36063,Niagara,70.02764899
36065,Oneida,65.64221863
36067,Onondaga,85.36061748
36069,Ontario,55.1441427
36071,Orange,72.4178316
36073,Orleans,33.45066059
36075,Oswego,37.27377154
36077,Otsego,27.28624154
36079,Putnam,64.97829381
36081,Queens *,99.99
36083,Rensselaer,66.86836716
36085,Richmond,100
36087,Rockland,99.61014279
36089,St. Lawrence,33.06483572
36091,Saratoga,71.51531364
36093,Schenectady,91.15151745
36095,Schoharie,16.96170155
36097,Schuyler,0
36099,Seneca,42.08316082
36101,Steuben,40.22268764
36103,Suffolk,98.03580791
36105,Sullivan,24.94403744
36107,Tioga,33.59199257
36109,Tompkins,55.89370153
36111,Ulster,43.87658028
36113,Warren,67.84459285
36115,Washington,24.50164758
36117,Wayne,25.22046821
36119,Westchester,95.46690401
36121,Wyoming,10.03182749
36123,Yates,31.44425607
37001,Alamance,73.55540647
37003,Alexander,10.91537702
37005,Alleghany,0
37007,Anson,22.23078667
37009,Ashe,0
37011,Avery,0
37013,Beaufort,36.97258801
37015,Bertie,0
37017,Bladen,0
37019,Brunswick,63.61847351
37021,Buncombe,77.69658418
37023,Burke,54.07673861
37025,Cabarrus,82.72794105
37027,Caldwell,57.17899122
37029,Camden,5.243843554
37031,Carteret,69.40283072
37033,Caswell,0.171534131
37035,Catawba,64.84278688
37037,Chatham,35.96381989
37039,Cherokee,0
37041,Chowan,31.58009921
37043,Clay,0
37045,Cleveland,37.79881229
37047,Columbus,10.30361693
37049,Craven,64.62370929
37051,Cumberland,86.15831362
37053,Currituck,4.117437722
37055,Dare,77.9195449
37057,Davidson,52.28556207
37059,Davie,29.55843791
37061,Duplin,0
37063,Durham,94.88691112
37065,Edgecombe,55.20449898
37067,Forsyth,92.4185159
37069,Franklin,21.10743295
37071,Gaston,81.13870573
37073,Gates,0
37075,Graham,0
37077,Granville,28.56604145
37079,Greene,0
37081,Guilford,85.84331395
37083,Halifax,43.94101436
37085,Harnett,35.84391471
37087,Haywood,53.11568877
37089,Henderson,65.72096903
37091,Hertford,22.5547513
37093,Hoke,57.39026919
37095,Hyde,0
37097,Iredell,68.14128007
37099,Jackson,33.33410657
37101,Johnston,46.99605091
37103,Jones,0
37105,Lee,57.89839614
37107,Lenoir,38.1880193
37109,Lincoln,26.26079945
37111,McDowell,26.98864911
37113,Macon,25.28232561
37115,Madison,0
37117,Martin,25.06468159
37119,Mecklenburg,99.15561165
37121,Mitchell,0
37123,Montgomery,0
37125,Moore,50.45674692
37127,Nash,50.3285248
37129,New Hanover,98.28933727
37131,Northampton,11.64787362
37133,Onslow,63.7332825
37135,Orange,70.95550654
37137,Pamlico,0
37139,Pasquotank,54.94724906
37141,Pender,38.99141239
37143,Perquimans,0
37145,Person,24.29853953
37147,Pitt,73.14838202
37149,Polk,8.583402318
37151,Randolph,39.81591305
37153,Richmond,55.49527313
37155,Robeson,23.98523985
37157,Rockingham,39.08294546
37159,Rowan,57.79268085
37161,Rutherford,32.21401527
37163,Sampson,15.77850803
37165,Scotland,47.47761456
37167,Stanly,27.17906054
37169,Stokes,19.47663971
37171,Surry,24.31928699
37173,Swain,0
37175,Transylvania,39.58952283
37177,Tyrrell,0
37179,Union,72.36713435
37181,Vance,46.72366011
37183,Wake,94.84261694
37185,Warren,0
37187,Washington,0
37189,Watauga,51.09640203
37191,Wayne,46.41149549
37193,Wilkes,30.15052525
37195,Wilson,62.05574736
37197,Yadkin,0
37199,Yancey,0
38001,Adams,0
38003,Barnes,60.32433429
38005,Benson,0
38007,Billings,0
38009,Bottineau,0
38011,Bowman,0
38013,Burke,0
38015,Burleigh,75.69217331
38017,Cass,90.90529739
38019,Cavalier,0
38021,Dickey,0
38023,Divide,0
38025,Dunn,0
38027,Eddy,0
38029,Emmons,0
38031,Foster,0
38033,Golden Valley,0
38035,Grand Forks,80.77217439
38037,Grant,0
38039,Griggs,0
38041,Hettinger,0
38043,Kidder,0
38045,LaMoure,0
38047,Logan,0
38049,McHenry,0
38051,McIntosh,0
38053,McKenzie,45.47742111
38055,McLean,0
38057,Mercer,0
38059,Morton,71.10930882
38061,Mountrail,0
38063,Nelson,0
38065,Oliver,0
38067,Pembina,0
38069,Pierce,0
38071,Ramsey,64.56699698
38073,Ransom,0
38075,Renville,0
38077,Richland,47.81898481
38079,Rolette,0
38081,Sargent,0
38083,Sheridan,0
38085,Sioux,0
38087,Slope,0
38089,Stark,76.3062474
38091,Steele,0
38093,Stutsman,70.42560089
38095,Towner,0
38097,Traill,0
38099,Walsh,0
38101,Ward,72.83427967
38103,Wells,0
38105,Williams,72.06349206
39001,Adams,0
39003,Allen,69.02432343
39005,Ashland,36.61982573
39007,Ashtabula,48.01279029
39009,Athens,51.30303855
39011,Auglaize,61.29421395
39013,Belmont,38.49045822
39015,Brown,4.203681656
39017,Butler,90.3893103
39019,Carroll,0
39021,Champaign,29.38213566
39023,Clark,74.61489254
39025,Clermont,73.73071078
39027,Clinton,29.85863201
39029,Columbiana,44.50268461
39031,Coshocton,33.68840817
39033,Crawford,65.91552647
39035,Cuyahoga,99.43446364
39037,Darke,28.2704651
39039,Defiance,46.42689234
39041,Delaware,79.67065812
39043,Erie,71.81111317
39045,Fairfield,64.41061911
39047,Fayette,51.91185106
39049,Franklin,98.62736789
39051,Fulton,17.8470255
39053,Gallia,19.63381246
39055,Geauga,21.44616707
39057,Greene,77.57522356
39059,Guernsey,37.5331703
39061,Hamilton,97.61797845
39063,Hancock,68.19140416
39065,Hardin,43.57571019
39067,Harrison,0
39069,Henry,32.05841949
39071,Highland,26.28067502
39073,Hocking,29.39037433
39075,Holmes,0
39077,Huron,48.57338001
39079,Jackson,35.76087955
39081,Jefferson,60.72583488
39083,Knox,30.28172382
39085,Lake,92.48977872
39087,Lawrence,54.72184066
39089,Licking,66.21928198
39091,Logan,44.36619718
39093,Lorain,85.73637863
39095,Lucas,95.01482799
39097,Madison,33.83990507
39099,Mahoning,84.35660108
39101,Marion,65.31311679
39103,Medina,65.94070258
39105,Meigs,11.97208465
39107,Mercer,28.40481565
39109,Miami,69.41732399
39111,Monroe,1.337317893
39113,Montgomery,94.47636276
39115,Morgan,0
39117,Morrow *,0.011444921
39119,Muskingum,48.95382479
39121,Noble,0
39123,Ottawa,37.53344564
39125,Paulding,0
39127,Perry,19.54078174
39129,Pickaway,39.54457712
39131,Pike,18.34391613
39133,Portage,62.00406698
39135,Preble,23.74204249
39137,Putnam,15.77022438
39139,Richland,66.34596914
39141,Ross,41.15419039
39143,Sandusky,56.75258082
39145,Scioto,44.66138796
39147,Seneca,54.40084258
39149,Shelby,42.98984035
39151,Stark,85.24168141
39153,Summit,96.21799759
39155,Trumbull,72.82215302
39157,Tuscarawas,50.15493819
39159,Union,54.9933104
39161,Van Wert,49.57657876
39163,Vinton,5.6796875
39165,Warren,82.48265845
39167,Washington,41.66234462
39169,Wayne,44.15966602
39171,Williams,24.89892728
39173,Wood,69.92922388
39175,Wyandot,30.26484018
40001,Adair,0
40003,Alfalfa,0
40005,Atoka,0
40007,Beaver,0
40009,Beckham,49.63855422
40011,Blaine,0
40013,Bryan,41.94759806
40015,Caddo,18.57487474
40017,Canadian,80.47925909
40019,Carter,44.58679666
40021,Cherokee,38.18131611
40023,Choctaw,35.14502957
40025,Cimarron,0
40027,Cleveland,84.2850762
40029,Coal,0
40031,Comanche,72.20970072
40033,Cotton,0
40035,Craig,35.92542709
40037,Creek,37.52543412
40039,Custer,70.48714621
40041,Delaware,20.31091418
40043,Dewey,0
40045,Ellis,0
40047,Garfield,79.86824937
40049,Garvin,21.85843467
40051,Grady,27.83648143
40053,Grant,0
40055,Greer,0
40057,Harmon,0
40059,Harper,0
40061,Haskell,0
40063,Hughes,31.89945388
40065,Jackson,76.13475893
40067,Jefferson,0
40069,Johnston,0
40071,Kay,68.91533181
40073,Kingfisher,0
40075,Kiowa,0
40077,Latimer,0
40079,Le Flore,20.02327079
40081,Lincoln,0
40083,Logan,38.04257895
40085,Love,0
40087,McClain,12.97825356
40089,McCurtain,17.92367106
40091,McIntosh,0
40093,Major,0
40095,Marshall,0
40097,Mayes,24.16636787
40099,Murray,34.86047181
40101,Muskogee,53.96222433
40103,Noble,40.69022336
40105,Nowata,7.24248927
40107,Okfuskee,0
40109,Oklahoma,92.40868927
40111,Okmulgee,46.92148423
40113,Osage,26.93701165
40115,Ottawa,50.67855374
40117,Pawnee,0
40119,Payne,67.15821963
40121,Pittsburg,44.6439586
40123,Pontotoc,45.35399974
40125,Pottawatomie,47.26447125
40127,Pushmataha,0
40129,Roger Mills,0
40131,Rogers,45.16274675
40133,Seminole,26.67260995
40135,Sequoyah,19.12629516
40137,Stephens,47.50046677
40139,Texas,58.52974186
40141,Tillman,0
40143,Tulsa,94.86701361
40145,Wagoner,63.60504316
40147,Washington,75.11009437
40149,Washita,0
40151,Woods,59.65909091
40153,Woodward,55.97459697
41001,Baker,58.60331174
41003,Benton,80.59442763
41005,Clackamas,82.89040605
41007,Clatsop,60.88819634
41009,Columbia,58.77655023
41011,Coos,61.85987771
41013,Crook,50.15360983
41015,Curry,48.17026358
41017,Deschutes,70.75857616
41019,Douglas,59.62086672
41021,Gilliam,0
41023,Grant,0
41025,Harney,55.62374917
41027,Hood River,48.20452934
41029,Jackson,79.40463766
41031,Jefferson,33.00546894
41033,Josephine,56.85775911
41035,Klamath,62.24770576
41037,Lake,0
41039,Lane,81.96913082
41041,Lincoln,62.00019843
41043,Linn,65.75460695
41045,Malheur,41.1295176
41047,Marion,84.64673913
41049,Morrow,0
41051,Multnomah,98.71834178
41053,Polk,79.59466105
41055,Sherman,0
41057,Tillamook,39.34282585
41059,Umatilla,68.26225414
41061,Union,57.08505115
41063,Wallowa,0
41065,Wasco,65.23434571
41067,Washington,94.50490696
41069,Wheeler,0
41071,Yamhill,73.51144613
42001,Adams,36.74267226
42003,Allegheny,97.58535653
42005,Armstrong,35.05598096
42007,Beaver,71.07867907
42009,Bedford,9.34695336
42011,Berks,73.44519866
42013,Blair,74.26112586
42015,Bradford,27.02152851
42017,Bucks,89.70315743
42019,Butler,56.69142199
42021,Cambria,53.91617718
42023,Cameron,0
42025,Carbon,41.08017112
42027,Centre,65.35101029
42029,Chester,80.68778267
42031,Clarion,15.20367337
42033,Clearfield,38.69069785
42035,Clinton,52.09612817
42037,Columbia,55.27368795
42039,Crawford,34.21215659
42041,Cumberland,79.11349718
42043,Dauphin,85.17358529
42045,Delaware,99.21519338
42047,Elk,44.08196192
42049,Erie,76.01743971
42051,Fayette,44.89456849
42053,Forest,0
42055,Franklin,55.51843111
42057,Fulton,0
42059,Greene,24.34777772
42061,Huntingdon,25.65317972
42063,Indiana,40.15808567
42065,Jefferson,26.53061224
42067,Juniata,0
42069,Lackawanna,82.44710416
42071,Lancaster,72.12450993
42073,Lawrence,57.57987684
42075,Lebanon,74.61415498
42077,Lehigh,90.13207603
42079,Luzerne,77.7775389
42081,Lycoming,59.56142502
42083,McKean,27.60931935
42085,Mercer,52.05599537
42087,Mifflin,45.50852784
42089,Monroe,43.23964664
42091,Montgomery,96.66348726
42093,Montour,45.71570357
42095,Northampton,83.14208934
42097,Northumberland,64.74079894
42099,Perry,6.483137734
42101,Philadelphia,100
42103,Pike,12.76672077
42105,Potter,0
42107,Schuylkill,52.93500828
42109,Snyder,29.65321119
42111,Somerset,22.4028383
42113,Sullivan,0
42115,Susquehanna,0
42117,Tioga,0
42119,Union,36.79857548
42121,Venango,43.93308756
42123,Warren,38.01280224
42125,Washington,67.66643261
42127,Wayne,13.78359887
42129,Westmoreland,73.51739539
42131,Wyoming,4.676052016
42133,York,71.54334214
44001,Bristol,98.86992302
44003,Kent,92.75077335
44005,Newport,91.49726189
44007,Providence,94.80658836
44009,Washington,66.36834849
45001,Abbeville,21.02078617
45003,Aiken,62.98042747
45005,Allendale,0
45007,Anderson,58.34339626
45009,Bamberg,0
45011,Barnwell,0
45013,Beaufort,81.39880396
45015,Berkeley,77.93014039
45017,Calhoun,0
45019,Charleston,90.94002229
45021,Cherokee,33.87291874
45023,Chester,26.66439586
45025,Chesterfield,16.83266702
45027,Clarendon,14.51965066
45029,Colleton,23.90684903
45031,Darlington,42.88530324
45033,Dillon,29.98727555
45035,Dorchester,85.28166398
45037,Edgefield,12.0162139
45039,Fairfield,22.71815925
45041,Florence,60.79133804
45043,Georgetown,57.81338717
45045,Greenville,88.10390955
45047,Greenwood,60.31780364
45049,Hampton,0
45051,Horry,75.576092
45053,Jasper,10.85061304
45055,Kershaw,47.18743789
45057,Lancaster,62.0636144
45059,Laurens,35.97921201
45061,Lee,0
45063,Lexington,74.84548847
45065,McCormick,0
45067,Marion,40.89024432
45069,Marlboro,34.76581543
45071,Newberry,32.72090989
45073,Oconee,36.2524966
45075,Orangeburg,34.51788704
45077,Pickens,62.44102158
45079,Richland,91.44172612
45081,Saluda,1.431449475
45083,Spartanburg,70.48479102
45085,Sumter,65.20235704
45087,Union,35.71061518
45089,Williamsburg,16.92129182
45091,York,77.33418413
46003,Aurora,0
46005,Beadle,74.64619562
46007,Bennett,0
46009,Bon Homme,0
46011,Brookings,68.86981818
46013,Brown,73.0581447
46015,Brule,0
46017,Buffalo,0
46019,Butte,49.68271014
46021,Campbell,0
46023,Charles Mix,0
46025,Clark,0
46027,Clay,77.89804236
46029,Codington,72.87908208
46031,Corson,0
46033,Custer,0
46035,Davison,78.62297054
46037,Day,0
46039,Deuel,0
46041,Dewey,0
46043,Douglas,0
46045,Edmunds,0
46047,Fall River,0
46049,Faulk,0
46051,Grant,0
46053,Gregory,0
46055,Haakon,0
46057,Hamlin,0
46059,Hand,0
46061,Hanson,0
46063,Harding,0
46065,Hughes,71.32001126
46067,Hutchinson,0
46069,Hyde,0
46071,Jackson,0
46073,Jerauld,0
46075,Jones,0
46077,Kingsbury,0
46079,Lake,55.78262049
46081,Lawrence,67.24619683
46083,Lincoln,74.52463897
46085,Lyman,0
46087,McCook,0
46089,McPherson,0
46091,Marshall,0
46093,Meade,66.74594667
46095,Mellette,0
46097,Miner,0
46099,Minnehaha,85.66278256
46101,Moody,0
46102,Oglala Lakota,0
46103,Pennington,81.98073648
46105,Perkins,0
46107,Potter,0
46109,Roberts,0
46111,Sanborn,0
46115,Spink,0
46117,Stanley,69.96644295
46119,Sully,0
46121,Todd,0
46123,Tripp,0
46125,Turner,0
46127,Union,42.09148772
46129,Walworth,0
46135,Yankton,68.73444873
46137,Ziebach,0
47001,Anderson,63.47911777
47003,Bedford,44.89121564
47005,Benton,0
47007,Bledsoe,0
47009,Blount,62.79937907
47011,Bradley,68.05192414
47013,Campbell,51.21715217
47015,Cannon,0
47017,Carroll,17.89732771
47019,Carter,59.26254525
47021,Cheatham,0
47023,Chester,34.0580128
47025,Claiborne,28.67084855
47027,Clay,0
47029,Cocke,32.1064474
47031,Coffee,53.92388882
47033,Crockett,0
47035,Cumberland,46.05609616
47037,Davidson,96.85745177
47039,Decatur,0
47041,DeKalb,24.02888446
47043,Dickson,30.45751634
47045,Dyer,45.62376022
47047,Fayette,25.3131698
47049,Fentress,0
47051,Franklin,32.09660074
47053,Gibson,29.22524738
47055,Giles,26.88327951
47057,Grainger,15.56934586
47059,Greene,32.67048694
47061,Grundy,0
47063,Hamblen,77.33918355
47065,Hamilton,87.49395834
47067,Hancock,0
47069,Hardeman,20.74071165
47071,Hardin,32.90223995
47073,Hawkins,37.9242256
47075,Haywood,53.85691894
47077,Henderson,22.83241146
47079,Henry,32.22770894
47081,Hickman,0
47083,Houston,0
47085,Humphreys,0
47087,Jackson,0
47089,Jefferson,24.18301849
47091,Johnson,0
47093,Knox,90.8067503
47095,Lake,0
47097,Lauderdale,27.53052539
47099,Lawrence,26.44760977
47101,Lewis,0
47103,Lincoln,28.65313287
47105,Loudon,64.34427723
47107,McMinn,38.33808845
47109,McNairy,0
47111,Macon,24.48445431
47113,Madison,73.6761685
47115,Marion,8.655546693
47117,Marshall,34.77475377
47119,Maury,62.51807396
47121,Meigs,0
47123,Monroe,26.7027027
47125,Montgomery,82.26737978
47127,Moore,0.108342362
47129,Morgan,0
47131,Obion,40.69250008
47133,Overton,0
47135,Perry,0
47137,Pickett,0
47139,Polk,0
47141,Putnam,61.47343903
47143,Rhea,29.47368421
47145,Roane,47.88592615
47147,Robertson,46.99943684
47149,Rutherford,84.03594877
47151,Scott,0
47153,Sequatchie,0
47155,Sevier,46.63447855
47157,Shelby,96.59723537
47159,Smith,0
47161,Stewart,0
47163,Sullivan,73.46408452
47165,Sumner,74.74080527
47167,Tipton,33.33770707
47169,Trousdale,0
47171,Unicoi,48.55533244
47173,Union,0
47175,Van Buren,0
47177,Warren,38.36348985
47179,Washington,74.24004331
47181,Wayne,0
47183,Weakley,32.56337001
47185,White,20.8072831
47187,Williamson,81.35803267
47189,Wilson,64.76170492
48001,Anderson,32.13804772
48003,Andrews,81.68189146
48005,Angelina,48.09421842
48007,Aransas,76.42467478
48009,Archer,12.64018692
48011,Armstrong,0
48013,Atascosa,28.54780425
48015,Austin,21.16551198
48017,Bailey,74.72479722
48019,Bandera,0
48021,Bastrop,27.99539171
48023,Baylor,0
48025,Bee,45.83373595
48027,Bell,86.30934555
48029,Bexar,95.29234708
48031,Blanco,0
48033,Borden,0
48035,Bosque,0
48037,Bowie,62.0563444
48039,Brazoria,77.40457112
48041,Brazos,88.14961792
48043,Brewster,65.81814373
48045,Briscoe,0
48047,Brooks,63.55285472
48049,Brown,56.60060375
48051,Burleson,0
48053,Burnet,32.67657236
48055,Caldwell,45.40679555
48057,Calhoun,59.9572267
48059,Callahan,0
48061,Cameron,82.41852467
48063,Camp,0
48065,Carson,0
48067,Cass,19.43839179
48069,Castro,0
48071,Chambers,45.89336712
48073,Cherokee,27.53511069
48075,Childress,67.76710684
48077,Clay,0
48079,Cochran,0
48081,Coke,0
48083,Coleman,46.83758459
48085,Collin,93.85043191
48087,Collingsworth,0
48089,Colorado,0
48091,Comal,53.38852391
48093,Comanche,0
48095,Concho,0
48097,Cooke,39.70432946
48099,Coryell,80.47127917
48101,Cottle,0
48103,Crane,0
48105,Crockett,0
48107,Crosby,0
48109,Culberson,0
48111,Dallam,76.69711876
48113,Dallas,99.42174194
48115,Dawson,70.09473346
48117,Deaf Smith,83.51719313
48119,Delta,0
48121,Denton,92.79629135
48123,DeWitt,48.60270379
48125,Dickens,0
48127,Dimmit,65.17701683
48129,Donley,0
48131,Duval,0
48133,Eastland,0
48135,Ector,90.90942115
48137,Edwards,0
48139,Ellis,69.30555195
48141,El Paso,95.97635091
48143,Erath,49.01163474
48145,Falls,31.80103725
48147,Fannin,21.86921653
48149,Fayette,20.54430121
48151,Fisher,0
48153,Floyd,0
48155,Foard,0
48157,Fort Bend,95.20199227
48159,Franklin,0
48161,Freestone,0
48163,Frio,49.29562143
48165,Gaines,32.72525234
48167,Galveston,95.93563399
48169,Garza,0
48171,Gillespie,43.55846586
48173,Glasscock,0
48175,Goliad,0
48177,Gonzales,35.37882257
48179,Gray,79.45069958
48181,Grayson,52.31033694
48183,Gregg,86.53965341
48185,Grimes,25.48175482
48187,Guadalupe,75.17804824
48189,Hale,69.53754382
48191,Hall,0
48193,Hamilton,0
48195,Hansford,0
48197,Hardeman,0
48199,Hardin,49.27886753
48201,Harris,98.86627867
48203,Harrison,45.09507692
48205,Hartley,53.79041249
48207,Haskell,0
48209,Hays,70.25640175
48211,Hemphill,0
48213,Henderson,34.05599513
48215,Hidalgo,91.09477584
48217,Hill,22.4898255
48219,Hockley,58.50861308
48221,Hood,58.91587389
48223,Hopkins,39.91355642
48225,Houston,26.89658298
48227,Howard,83.06081469
48229,Hudspeth,0
48231,Hunt,38.67401657
48233,Hutchinson,62.31750497
48235,Irion,0
48237,Jack,0
48239,Jackson,39.43154524
48241,Jasper,22.14372347
48243,Jeff Davis,0
48245,Jefferson,90.15304492
48247,Jim Hogg,0
48249,Jim Wells,49.91643311
48251,Johnson,53.52726383
48253,Jones,0
48255,Karnes,0
48257,Kaufman,58.07790242
48259,Kendall,43.19654915
48261,Kenedy,0
48263,Kent,0
48265,Kerr,60.54222594
48267,Kimble,0
48269,King,0
48271,Kinney,0
48273,Kleberg,80.36404639
48275,Knox,0
48277,Lamar,52.49161476
48279,Lamb,43.12763511
48281,Lampasas,33.86507606
48283,La Salle,0
48285,Lavaca,17.61321729
48287,Lee,0
48289,Leon,0
48291,Liberty,22.62954555
48293,Limestone,30.0776664
48295,Lipscomb,0
48297,Live Oak,0
48299,Llano,49.7858118
48301,Loving,0
48303,Lubbock,89.47942789
48305,Lynn,0
48307,McCulloch,64.04980341
48309,McLennan,75.97811029
48311,McMullen,0
48313,Madison,0
48315,Marion,0
48317,Martin,0
48319,Mason,0
48321,Matagorda,53.26437733
48323,Maverick,93.42857636
48325,Medina,15.73855127
48327,Menard,0
48329,Midland,86.27862786
48331,Milam,42.88195847
48333,Mills,0
48335,Mitchell,64.94994438
48337,Montague,27.14249937
48339,Montgomery,77.12376479
48341,Moore,68.5410619
48343,Morris,0
48345,Motley,0
48347,Nacogdoches,52.17391304
48349,Navarro,46.32867133
48351,Newton,0
48353,Nolan,70.37589904
48355,Nueces,93.7229952
48357,Ochiltree,83.78432351
48359,Oldham,0
48361,Orange,63.93146873
48363,Palo Pinto,49.62159879
48365,Panola,28.13569872
48367,Parker,35.65192751
48369,Parmer,0
48371,Pecos,56.28249852
48373,Polk,11.15655488
48375,Potter,88.73570977
48377,Presidio,0
48379,Rains,0
48381,Randall,83.02274197
48383,Reagan,0
48385,Real,0
48387,Red River,0
48389,Reeves,88.69677244
48391,Refugio,0
48393,Roberts,0
48395,Robertson,0
48397,Rockwall,86.26401655
48399,Runnels,0
48401,Rusk,35.92523078
48403,Sabine,0
48405,San Augustine,0
48407,San Jacinto,0
48409,San Patricio,72.16784234
48411,San Saba,0
48413,Schleicher,0
48415,Scurry,68.19631467
48417,Shackelford,0
48419,Shelby,21.32628424
48421,Sherman,0
48423,Smith,65.07523161
48425,Somervell,0
48427,Starr,71.40473301
48429,Stephens,59.9384683
48431,Sterling,0
48433,Stonewall,0
48435,Sutton,0
48437,Swisher,0
48439,Tarrant,98.77184172
48441,Taylor,82.49399475
48443,Terrell,0
48445,Terry,69.85039304
48447,Throckmorton,0
48449,Titus,49.34553717
48451,Tom Green,83.31625043
48453,Travis,94.88934946
48455,Trinity,0
48457,Tyler,0
48459,Upshur,19.30940037
48461,Upton,0
48463,Uvalde,64.83471747
48465,Val Verde,89.69024503
48467,Van Zandt,0
48469,Victoria,72.25878514
48471,Walker,56.82591623
48473,Waller,22.63971546
48475,Ward,78.68430093
48477,Washington,48.5826002
48479,Webb,94.1403296
48481,Wharton,52.47053163
48483,Wheeler,0
48485,Wichita,87.25164283
48487,Wilbarger,73.9039342
48489,Willacy,64.40190438
48491,Williamson,90.84738193
48493,Wilson,12.68868209
48495,Winkler,81.90219484
48497,Wise,9.492656487
48499,Wood,12.70878398
48501,Yoakum,0
48503,Young,48.04947669
48505,Zapata,78.78176975
48507,Zavala,69.3795243
49001,Beaver,0
49003,Box Elder,68.26206083
49005,Cache,85.56032864
49007,Carbon,65.38310798
49009,Daggett,0
49011,Davis,99.16344757
49013,Duchesne,31.95039804
49015,Emery,0
49017,Garfield,0
49019,Grand,82.0457131
49021,Iron,71.39066837
49023,Juab,53.7077889
49025,Kane,0
49027,Millard,0
49029,Morgan,0
49031,Piute,0
49033,Rich,0
49035,Salt Lake,99.30857769
49037,San Juan,0
49039,Sanpete,17.75503745
49041,Sevier,38.99730508
49043,Summit,55.35802819
49045,Tooele,80.25255165
49047,Uintah,55.23582257
49049,Utah,95.77084588
49051,Wasatch,72.13981833
49053,Washington,85.13415317
49055,Wayne,0
49057,Weber,94.40857591
50001,Addison,16.47084014
50003,Bennington,36.84097786
50005,Caledonia,16.15122548
50007,Chittenden,73.93463757
50009,Essex,0
50011,Franklin,22.76058143
50013,Grand Isle,0
50015,Lamoille,0
50017,Orange,0
50019,Orleans,0
50021,Rutland,32.27563891
50023,Washington,33.4643102
50025,Windham,29.05783684
50027,Windsor,21.35646633
51001,Accomack,9.645946189
51003,Albemarle,59.62542818
51005,Alleghany,46.86329896
51007,Amelia,0
51009,Amherst,37.63375603
51011,Appomattox,0
51013,Arlington,100
51015,Augusta,15.73554274
51017,Bath,0
51019,Bedford,29.2655609
51021,Bland,0
51023,Botetourt,40.56137635
51025,Brunswick,0
51027,Buchanan,0
51029,Buckingham,0
51031,Campbell,43.14492962
51033,Caroline,0
51035,Carroll,2.373520837
51036,Charles City,0
51037,Charlotte,0
51041,Chesterfield,91.96895882
51043,Clarke,0
51045,Craig,0
51047,Culpeper,42.93461714
51049,Cumberland,6.697674419
51051,Dickenson,0
51053,Dinwiddie,28.33577844
51057,Essex,0
51059,Fairfax,98.45824035
51061,Fauquier,42.5437154
51063,Floyd,0
51065,Fluvanna,36.05636904
51067,Franklin,9.93263212
51069,Frederick,60.59024929
51071,Giles,0
51073,Gloucester,27.42889618
51075,Goochland,7.271403729
51077,Grayson *,0.110871975
51079,Greene,0
51081,Greensville,12.22017382
51083,Halifax,21.78884251
51085,Hanover,62.99293501
51087,Henrico,96.30579953
51089,Henry,34.93562063
51091,Highland,0
51093,Isle of Wight,41.54535564
51095,James City,85.83842359
51097,King and Queen,0
51099,King George,0
51101,King William,0
51103,Lancaster,0
51105,Lee,0
51107,Loudoun,88.05346839
51109,Louisa,0
51111,Lunenburg,0
51113,Madison,0
51115,Mathews,0
51117,Mecklenburg,16.74197698
51119,Middlesex,0
51121,Montgomery,73.91522347
51125,Nelson,0
51127,New Kent,0
51131,Northampton,0
51133,Northumberland,0
51135,Nottoway,0
51137,Orange,43.31659955
51139,Page,20.00084356
51141,Patrick,0
51143,Pittsylvania,10.93866217
51145,Powhatan,1.908812185
51147,Prince Edward,33.26468031
51149,Prince George,50.94396652
51153,Prince William,95.40505678
51155,Pulaski,57.40828402
51157,Rappahannock,0
51159,Richmond,0
51161,Roanoke,80.58991633
51163,Rockbridge,9.920529801
51165,Rockingham,40.71898468
51167,Russell,0.612854428
51169,Scott,1.691694475
51171,Shenandoah,30.38066356
51173,Smyth,24.43288591
51175,Southampton,1.755945766
51177,Spotsylvania,67.95946641
51179,Stafford,81.35311323
51181,Surry,0
51183,Sussex,0
51185,Tazewell,47.70585471
51187,Warren,39.75986446
51191,Washington,30.82599425
51193,Westmoreland,21.51323267
51195,Wise,34.61389427
51197,Wythe,25.28808766
51199,York,92.93596973
51510,Alexandria,100
51520,Bristol,98.97787328
51530,Buena Vista,97.81659389
51540,Charlottesville,100
51550,Chesapeake,92.26772298
51570,Colonial Heights *,100
51580,Covington,99.35506362
51590,Danville,96.77389058
51595,Emporia,95.02254596
51600,Fairfax,100
51610,Falls Church,100
51620,Franklin,96.05134474
51630,Fredericksburg,100
51640,Galax,90.14880952
51650,Hampton,99.68428267
51660,Harrisonburg,99.37854634
51670,Hopewell,99.96526723
51678,Lexington *,100
51680,Lynchburg,98.38372844
51683,Manassas,100
51685,Manassas Park,100
51690,Martinsville,99.91842788
51700,Newport News,99.62630271
51710,Norfolk,100
51720,Norton,90.10035259
51730,Petersburg,97.29212744
51735,Poquoson,91.11556982
51740,Portsmouth,100
51750,Radford,95.80584941
51760,Richmond,100
51770,Roanoke *,99.99
51775,Salem,100
51790,Staunton,97.85631068
51800,Suffolk,72.94431958
51810,Virginia Beach,98.18530045
51820,Waynesboro,97.64822491
51830,Williamsburg,99.88330632
51840,Winchester,100
53001,Adams,52.7094552
53003,Asotin,92.73951088
53005,Benton,87.85631764
53007,Chelan,66.37074133
53009,Clallam,63.90901432
53011,Clark,86.51887203
53013,Columbia,0
53015,Cowlitz,67.02339023
53017,Douglas,74.61921841
53019,Ferry,0
53021,Franklin,88.55492046
53023,Garfield,0
53025,Grant,55.13049444
53027,Grays Harbor,60.88502829
53029,Island,52.21916483
53031,Jefferson,46.74166844
53033,King,96.70565169
53035,Kitsap,82.42885806
53037,Kittitas,57.20729864
53039,Klickitat,20.2903013
53041,Lewis,39.82154378
53043,Lincoln,0
53045,Mason,30.5023887
53047,Okanogan,19.39245677
53049,Pacific,37.07682431
53051,Pend Oreille,0
53053,Pierce,93.21832966
53055,San Juan,19.91230043
53057,Skagit,65.89872069
53059,Skamania,0
53061,Snohomish,88.20397678
53063,Spokane,85.37394848
53065,Stevens,10.89030036
53067,Thurston,78.66197637
53069,Wahkiakum,0
53071,Walla Walla,79.74721974
53073,Whatcom,71.41289063
53075,Whitman,68.14458133
53077,Yakima,69.56779159
54001,Barbour,0
54003,Berkeley,67.57429798
54005,Boone,0
54007,Braxton,0
54009,Brooke,58.37138171
54011,Cabell,77.97138315
54013,Calhoun,0
54015,Clay,0
54017,Doddridge,0
54019,Fayette,37.04801423
54021,Gilmer,0
54023,Grant,0
54025,Greenbrier,21.91527428
54027,Hampshire,0
54029,Hancock,67.08025434
54031,Hardy,0
54033,Harrison,55.72427603
54035,Jackson,0
54037,Jefferson,38.300896
54039,Kanawha,70.62325376
54041,Lewis,26.00833676
54043,Lincoln,0
54045,Logan,27.08570025
54047,McDowell,0
54049,Marion,56.51988257
54051,Marshall,51.06403844
54053,Mason,31.28118493
54055,Mercer,58.18751676
54057,Mineral,30.77437078
54059,Mingo,0
54061,Monongalia,73.34958704
54063,Monroe,0
54065,Morgan,0
54067,Nicholas,0
54069,Ohio,67.02416028
54071,Pendleton,0
54073,Pleasants,0
54075,Pocahontas,0
54077,Preston,0
54079,Putnam,66.06023677
54081,Raleigh,56.93448271
54083,Randolph,39.77158814
54085,Ritchie,0
54087,Roane,0
54089,Summers,0
54091,Taylor,31.48757857
54093,Tucker,0
54095,Tyler,0
54097,Upshur,35.88763856
54099,Wayne,40.18008312
54101,Webster,0
54103,Wetzel,37.5917463
54105,Wirt,0
54107,Wood,70.37225966
54109,Wyoming,0
55001,Adams,0
55003,Ashland,45.0801772
55005,Barron,21.74220205
55007,Bayfield,0
55009,Brown,83.40998735
55011,Buffalo,0
55013,Burnett,0
55015,Calumet,47.37042828
55017,Chippewa,37.47831727
55019,Clark,0
55021,Columbia,33.75790733
55023,Crawford,36.994973
55025,Dane,86.4230709
55027,Dodge,45.11387534
55029,Door,31.36100579
55031,Douglas,61.38616097
55033,Dunn,37.46038732
55035,Eau Claire,76.27282187
55037,Florence,0
55039,Fond du Lac,63.74311116
55041,Forest,0
55043,Grant,22.79256036
55045,Green,28.91381123
55047,Green Lake,27.35303397
55049,Iowa,20.65882154
55051,Iron,32.84992667
55053,Jackson,20.87964058
55055,Jefferson,55.49941107
55057,Juneau,0
55059,Kenosha,86.91701497
55061,Kewaunee,0
55063,La Crosse,81.89081335
55065,Lafayette,0
55067,Langlade,41.40885537
55069,Lincoln,33.49991202
55071,Manitowoc,57.22538379
55073,Marathon,56.61133371
55075,Marinette,39.23863202
55077,Marquette,0
55078,Menominee,0
55079,Milwaukee,99.72304093
55081,Monroe,43.22729827
55083,Oconto,0
55085,Oneida,25.73127229
55087,Outagamie,74.60685352
55089,Ozaukee,75.6882288
55091,Pepin,0
55093,Pierce,30.0459585
55095,Polk,0
55097,Portage,63.39429075
55099,Price,0
55101,Racine,85.65294573
55103,Richland,28.45584836
55105,Rock,79.96114536
55107,Rusk,0
55109,St. Croix,36.01180294
55111,Sauk,55.29553092
55113,Sawyer,0
55115,Shawano,29.91365182
55117,Sheboygan,70.64066286
55119,Taylor,20.65987044
55121,Trempealeau,0
55123,Vernon,13.16663411
55125,Vilas,0
55127,Walworth,63.09472379
55129,Washburn,0
55131,Washington,61.64111114
55133,Waukesha,84.79229836
55135,Waupaca,36.35837258
55137,Waushara,0.354812398
55139,Winnebago,82.58603622
55141,Wood,64.52221489
56001,Albany,87.03663735
56003,Big Horn,0
56005,Campbell,73.19780547
56007,Carbon,52.96828782
56009,Converse,47.25474511
56011,Crook,0
56013,Fremont,46.41637355
56015,Goshen,51.4962394
56017,Hot Springs,0
56019,Johnson,53.46276785
56021,Laramie,78.84630691
56023,Lincoln,0
56025,Natrona,84.73641423
56027,Niobrara,0
56029,Park,55.64407237
56031,Platte,0
56033,Sheridan,62.83755377
56035,Sublette,0
56037,Sweetwater,89.24583649
56039,Teton,46.1188976
56041,Uinta,55.82396088
56043,Washakie,63.61743656
56045,Weston,0
60010,Eastern,58.17457061
60020,Manu'a,0
60030,Rose Island,0
60040,Swains Island,0
60050,Western,87.14290204
66010,Guam,88.97527237
69085,Northern Islands,0
69100,Rota,0
69110,Saipan,85.1008413
69120,Tinian,0
72001,Adjuntas,44.70033296
72003,Aguada,99.4047619
72005,Aguadilla,99.77132901
72007,Aguas Buenas,88.04442059
72009,Aibonito,81.94179486
72011,Añasco,85.43913111
72013,Arecibo,89.65859106
72015,Arroyo,96.66729786
72017,Barceloneta,94.20929514
72019,Barranquitas,94.94531277
72021,Bayamón,100
72023,Cabo Rojo,95.9413037
72025,Caguas,98.84945459
72027,Camuy,81.22886648
72029,Canóvanas,96.44755179
72031,Carolina,99.74679456
72033,Cataño,99.95681278
72035,Cayey,88.03898972
72037,Ceiba,94.00371451
72039,Ciales,60.69830429
72041,Cidra,98.00350263
72043,Coamo,69.21368409
72045,Comerío,84.45162315
72047,Corozal,93.81851841
72049,Culebra,0
72051,Dorado,98.2859054
72053,Fajardo,94.01693438
72054,Florida,79.84946972
72055,Guánica,85.91426706
72057,Guayama,83.94056918
72059,Guayanilla,78.07579847
72061,Guaynabo,100
72063,Gurabo,96.28772586
72065,Hatillo,89.16489113
72067,Hormigueros,98.49878625
72069,Humacao,99.41056272
72071,Isabela,94.57420301
72073,Jayuya,67.57561405
72075,Juana Díaz,90.66354377
72077,Juncos,97.98173565
72079,Lajas,64.08674038
72081,Lares,77.48443337
72083,Las Marías,1.205769664
72085,Las Piedras,98.27743036
72087,Loíza,95.50078082
72089,Luquillo,90.20864968
72091,Manatí,89.27124481
72093,Maricao,0
72095,Maunabo,66.67296251
72097,Mayagüez,95.76200446
72099,Moca,89.22050187
72101,Morovis,87.48912173
72103,Naguabo,74.67715727
72105,Naranjito,100
72107,Orocovis,60.50200616
72109,Patillas,72.4491711
72111,Peñuelas,75.81253983
72113,Ponce,93.63521976
72115,Quebradillas,89.96107962
72117,Rincón,99.93415421
72119,Río Grande,94.90862728
72121,Sabana Grande,86.8933961
72123,Salinas,78.80491683
72125,San Germán,81.31999122
72127,San Juan *,99.99444865
72129,San Lorenzo,87.06391107
72131,San Sebastián,82.24679121
72133,Santa Isabel,81.75632365
72135,Toa Alta,98.90354814
72137,Toa Baja,99.11944005
72139,Trujillo Alto,99.97638028
72141,Utuado,46.03174603
72143,Vega Alta,96.07854217
72145,Vega Baja,93.82511854
72147,Vieques,79.16111044
72149,Villalba,82.21156022
72151,Yabucoa,81.92006836
72153,Yauco,82.18424441
78010,St. Croix,93.58111404
78020,St. John,76.37206905
78030,St. Thomas,98.27973782
